mse,r2,p_value,y_pred,y_test
0.4147909581488006,0.12166058687965589,0.3170511645150886,"[0.32962963 0.32541195 0.3646445  0.4775416  0.35230213 0.41257006
 0.35579392 0.38791338 0.36959687 0.3068556  0.29170167 0.34711534
 0.3632812  0.32901856 0.38750967 0.40051767 0.42479983 0.37105748
 0.39323413 0.45060718 0.4186865  0.41466567 0.435076   0.44425997
 0.3966708  0.41623995 0.37924635 0.40156582 0.41783908 0.3799302
 0.40262607 0.34376696 0.39836583 0.3495376  0.4120606  0.22731242
 0.4537229  0.31215477 0.34423298 0.4659135  0.35649893 0.44668403
 0.39314345 0.4786733  0.38334915 0.36257148 0.37293455 0.3136878
 0.4328827  0.4231341  0.48938897 0.478391   0.49344084 0.51064765
 0.410474   0.40518895 0.34576982 0.3942266  0.42595923 0.38319272
 0.3740965  0.37304014 0.47226152 0.4617439  0.36576766 0.37142813
 0.4442818  0.43718493]","[ 1.43022222  0.57208889  0.74740645  1.1841306   1.17771891  0.
  0.36777143  0.78351304  0.67747368  0.90451892  1.20839184 -0.21453333
  1.37700465 -0.51488     0.13549474  0.73554286  0.94846316 -1.54464
  0.51488     0.          0.12259048 -0.79212308  0.          0.6436
  1.04882963 -0.70210909  0.102976    0.21453333  0.42906667  0.51488
  1.21945263  0.21453333  0.70210909  2.23114667 -0.42906667  0.23403636
  1.14417778  0.3218      0.54197895  1.02976     0.91942857  0.9654
  1.10331429  1.2872      0.51488     0.39006061  0.57208889  0.102976
  1.14417778  0.         -0.73554286 -0.24913548 -0.3357913  -1.54464
  0.79895172 -0.85813333  0.73554286  1.86422069  2.01474783  1.74394839
 -0.42906667 -0.99015385 -2.0967876   1.02976     0.04680727  1.01415758
 -0.36777143 -0.75717647]"
