mse,r2,p_value,y_pred,y_test
0.528285063454114,0.2332677684520302,0.7043346970780009,"[-0.09201547 -0.06673305 -0.06564477 -0.06217648 -0.07214429 -0.0770101
 -0.08370209 -0.0721794  -0.09435437 -0.06616665 -0.09986292 -0.06997871
 -0.08164232 -0.07628221 -0.0783712  -0.07579754 -0.07844364 -0.09101204
 -0.09178405 -0.07064793 -0.08525684 -0.08780073 -0.09210095 -0.07554759
 -0.11438189 -0.07771856 -0.07846041 -0.08194834 -0.07262652 -0.06999665
 -0.07656541 -0.08145751 -0.07949883 -0.09812286 -0.11749755 -0.09448533
 -0.08781079 -0.11833829 -0.08488446 -0.07899719 -0.0850018  -0.08250307
 -0.07947224 -0.09754606 -0.09003157 -0.07146337 -0.06847128 -0.0737771
 -0.06994566 -0.06934921 -0.08087089 -0.0765406  -0.07143492 -0.0880878
 -0.08456786 -0.0990576  -0.07399572 -0.0793483  -0.07012864 -0.0854063
 -0.08602346 -0.07543863 -0.06750189 -0.07313113 -0.07333487 -0.07158902
 -0.07489726 -0.08211713 -0.08006956 -0.08093307 -0.07971661 -0.07817833
 -0.08157815 -0.0827783 ]","[-0.48703414 -0.04250004 -0.35821464 -0.0864656  -0.19288481  0.
 -0.18574093  0.          0.08955366  0.         -0.13677286 -0.10447927
 -0.18574093 -0.22795477 -0.04559095  0.         -0.04250004  0.
 -0.04250004  0.         -0.08955366 -0.0864656   0.          0.
 -0.22795477  0.09287046  0.0864656  -0.3009003  -0.04916672 -0.08088718
  0.         -0.1003001  -0.18574093  0.1419341   0.0864656  -0.04399127
  0.04250004 -0.20895854  0.         -0.04559095  0.24583358 -0.0964424
 -0.23655684 -0.22795477 -0.04559095 -0.04399127  0.24583358 -0.04559095
 -0.31343781 -0.48703414 -0.13197382  0.04250004 -0.08955366  0.04916672
  0.04250004 -0.48703414 -0.04916672 -0.22795477  0.16716683 -0.08955366
 -0.48703414  0.04399127  0.05117352  0.04250004 -0.34416701 -0.22795477
  0.          0.          0.1003001  -0.16716683 -0.2180437   0.
  0.0864656   0.        ]"
