mse,r2,p_value,y_pred,y_test
0.5021945065611071,0.1686450776018907,0.31739472870875207,"[ 1.03210881e+00  3.23035345e-01  4.63199418e-01  9.08607454e-01
  2.02520700e-01  1.08346391e+00 -1.03091548e-03  3.55302534e-01
  4.63318893e-01 -1.00698814e-01 -8.59907386e-02  1.15750536e-01
  3.14115837e-01  3.49132811e-01  2.09577438e-01  1.73790258e-01
  4.27976260e-01  2.28521152e-01  3.60278828e-01  5.07294996e-01
  3.91283945e-01  2.17576233e-01  5.07987700e-01  3.92007291e-01
  2.91837844e-01  2.37905666e-01  1.39707909e-01  8.23175643e-02
  7.40273818e-01  5.62055246e-01  7.30921730e-01  1.77674903e-01
  6.25187508e-01  4.14993853e-01  7.85582667e-01 -1.12702010e+00
  1.00196094e+00  2.18283724e-01  1.48654635e-02  1.24676139e+00
 -1.76564793e-02  8.38488963e-01  6.40840714e-01  1.28108751e+00
  5.15030327e-01  3.87165378e-01  5.79483405e-01  3.99480009e-01
  9.79403936e-01  2.91275537e-01 -4.73631060e-01  5.74365099e-02
  4.31606664e-01  1.33221669e-01  6.45044710e-02  1.31221023e-02
  5.49109076e-01  1.05368201e-01  7.09344430e-01  4.36884956e-01
  3.29770798e-01  3.40511523e-01  6.43964119e-01  3.94320105e-01
 -5.24611053e-01 -2.47765558e-02  3.37074989e-01  3.37175871e-01]","[ 1.43022222  0.57208889  0.74740645  1.1841306   1.17771891  0.
  0.36777143  0.78351304  0.67747368  0.90451892  1.20839184 -0.21453333
  1.37700465 -0.51488     0.13549474  0.73554286  0.94846316 -1.54464
  0.51488     0.          0.12259048 -0.79212308  0.          0.6436
  1.04882963 -0.70210909  0.102976    0.21453333  0.42906667  0.51488
  1.21945263  0.21453333  0.70210909  2.23114667 -0.42906667  0.23403636
  1.14417778  0.3218      0.54197895  1.02976     0.91942857  0.9654
  1.10331429  1.2872      0.51488     0.39006061  0.57208889  0.102976
  1.14417778  0.         -0.73554286 -0.24913548 -0.3357913  -1.54464
  0.79895172 -0.85813333  0.73554286  1.86422069  2.01474783  1.74394839
 -0.42906667 -0.99015385 -2.5744      1.02976     0.04680727  1.01415758
 -0.36777143 -0.75717647]"
