mse,r2,p_value,y_pred,y_test
0.993812550597197,0.017907513981371567,0.8830222520442613,"[ 0.37305314  0.20866993 -0.0397133   0.74939645  0.44740996  0.48846604
  0.52185931  0.29750231  0.38222839  0.46793794  0.96408538  0.77015663
  0.19913273  0.60584662  0.76412847 -1.18101572  0.59419736  0.08944423
  0.42646146  0.56855506  0.55572138  0.33325035  0.37434351  0.82025727
  0.36430472  1.21628932 -0.29158722  0.33713054  0.01195622  0.76292017
  1.37332771  0.39269578  0.42356683  0.36933174  0.25346956  0.39172224
  0.29129334  0.2552847   0.43168448 -0.21364529  0.98904348 -0.16910256
  0.17644597  0.1698742   0.48173976  0.78831664  0.33737892  0.99572794
  0.75338415  0.26392723  0.68892427  0.28731764  0.17607344  0.28551401
  0.75448023  0.13268409  0.38889784  0.88175746 -0.16857903  0.35288038
  0.30439477  0.0818909   0.24020648  0.49314078  0.08171585  0.03791642
  0.95149385  0.20216161  0.05158294  0.31758437]","[ 0.76259826  0.         -0.71590857  0.41761333  1.39204444  0.65938947
  0.501136    0.13187789  1.18690105  0.55681778  0.71590857  1.07386286
  0.88037405 -0.77097846 -2.39381929  0.22778909  0.72745548  0.20880667
  1.81445793  0.6013632  -0.35795429  1.002272   -0.24248516  1.96096696
  1.69739613  1.11363556  1.17613551  0.31321     0.52751158  2.57108252
  0.83522667  0.62642     0.71590857  0.501136    1.02083259  0.68336727
 -0.32682783  0.92314526  0.37964848  0.         -2.39381929  2.17158933
  2.66026675 -1.503408    0.55681778 -0.41761333 -0.68336727  0.
 -0.20880667  0.1002272   0.501136    0.1002272   0.98708606 -0.41761333
  0.          0.1193181   0.31321     0.68336727 -0.29135814 -0.35795429
 -0.96372308  0.35795429 -0.73696471  1.34024744 -0.83522667  0.20880667
  1.11363556 -0.501136    0.89488571  0.73696471]"
