y_test,y_pred
0.0,-3.38699714229126
-5.0,-7.5720898056192185
0.0,-2.643101604278075
-1.0,-0.47941798941798935
-9.0,-2.5297552556376086
-12.0,-2.92
2.0,-1.7495105112752172
-1.0,-1.4115343915343914
