mse,r2,p_value
20.48538050148331,0.27573332217614166,0.5086069431882804
