mse,r2,p_value,y_pred,y_test
0.5212940457215474,0.2498421791017671,0.46486704319291844,"[-2.07113116e-01 -1.21433156e-01 -9.40955177e-02 -5.86505864e-02
 -6.29546958e-02 -1.85851254e-01 -1.58888308e-01 -8.61787834e-02
 -3.08694619e-01  3.15990706e-05 -2.61780822e-01 -2.72195752e-03
 -7.14904205e-02 -8.61086717e-02 -3.80222131e-02 -5.36594307e-02
 -9.10792118e-02 -1.40886621e-01 -1.30505615e-01  5.46057514e-02
 -8.46281012e-02 -9.99967094e-02 -1.57101694e-01 -2.68773713e-02
 -2.53804362e-01 -5.50440317e-02 -9.05154905e-02 -6.45038619e-02
 -4.32729111e-02 -4.47424533e-03 -7.77809315e-02 -9.44381897e-02
 -1.98481373e-02 -1.64070393e-01 -2.54588204e-01 -1.40276353e-01
 -1.30764672e-01 -3.16815325e-01 -1.44657309e-01 -4.63805585e-02
 -1.03494502e-01 -6.72377647e-02 -5.32688421e-02 -2.16507341e-01
 -1.50545297e-01 -5.48633991e-02  1.08182628e-02 -1.01106082e-01
 -5.94711244e-02 -3.89917057e-02 -1.69921162e-01 -8.91248047e-02
 -7.50560508e-02 -1.49669459e-01 -1.59756454e-01 -2.40526351e-01
 -7.51952413e-02 -7.31353986e-02 -4.42500484e-03 -1.42685202e-01
 -2.03985187e-01 -5.51165934e-02 -2.77990209e-02 -7.17126836e-02
 -2.22595642e-02 -7.06679202e-02 -5.95638161e-02 -6.04023350e-02
  1.36164975e-02 -4.65846203e-02 -4.90204181e-02 -1.78584385e-02
 -4.81365126e-02 -8.18947694e-02]","[-0.48703414 -0.04250004 -0.35821464 -0.0864656  -0.19288481  0.
 -0.18574093  0.          0.08955366  0.         -0.13677286 -0.10447927
 -0.18574093 -0.22795477 -0.04559095  0.         -0.04250004  0.
 -0.04250004  0.         -0.08955366 -0.0864656   0.          0.
 -0.22795477  0.09287046  0.0864656  -0.3009003  -0.04916672 -0.08088718
  0.         -0.1003001  -0.18574093  0.1419341   0.0864656  -0.04399127
  0.04250004 -0.20895854  0.         -0.04559095  0.24583358 -0.0964424
 -0.23655684 -0.22795477 -0.04559095 -0.04399127  0.24583358 -0.04559095
 -0.31343781 -0.48703414 -0.13197382  0.04250004 -0.08955366  0.04916672
  0.04250004 -0.48703414 -0.04916672 -0.22795477  0.16716683 -0.08955366
 -0.48703414  0.04399127  0.05117352  0.04250004 -0.34416701 -0.22795477
  0.          0.          0.1003001  -0.16716683 -0.2180437   0.
  0.0864656   0.        ]"
