mse,r2,p_value,y_pred,y_test
0.02968175692239539,0.18037868022437425,0.12147302222672852,"[-0.20367782 -0.16020899 -0.08134219 -0.04253479 -0.14122085 -0.24082207
 -0.07116141 -0.23545574 -0.08464691 -0.00960549 -0.05710789 -0.11958715
 -0.2315599  -0.10806186 -0.02973801  0.01347835 -0.06066106 -0.27955415
 -0.04046635 -0.06119227  0.01581869 -0.0793451   0.020348   -0.03330253
 -0.15956946 -0.13653164 -0.10141477 -0.0499021  -0.06350709 -0.01660882
 -0.07717469 -0.04785947 -0.23528931 -0.1038313  -0.26743641 -0.13091444
 -0.05616628 -0.09259541 -0.03158319  0.06738117 -0.11510377 -0.05772335
 -0.062825   -0.03469315 -0.09855582 -0.07686424 -0.18485481 -0.05163827
 -0.13205465  0.04395403 -0.09376631 -0.07828371 -0.0565014  -0.30343412
 -0.23491469 -0.1904537  -0.0440876  -0.05561584 -0.13046655 -0.16495877
 -0.09567587 -0.06986813 -0.11924229 -0.09132682 -0.19561423 -0.07772214
 -0.0395181   0.00218052 -0.03360159 -0.1080277  -0.08882133 -0.04046153
 -0.06770723 -0.06239925 -0.07903314]","[-0.54404948 -0.5222875   0.         -0.19343981 -0.04426165  0.09326562
 -0.04748068 -0.23740341  0.25602328  0.         -0.3730625   0.05120466
 -0.14244205  0.14781722  0.1044575   0.25602328 -0.04426165  0.09004957
 -0.09004957  0.09671991 -0.17409583  0.04581469 -0.1088099  -0.22708152
  0.04426165 -0.04581469 -0.04748068 -0.32642969 -0.20087981  0.05329464
  0.09004957 -0.19343981 -0.54404948  0.          0.         -0.04426165
 -0.1004399   0.04426165 -0.24636203  0.          0.04426165 -0.54404948
 -0.3133725  -0.3584326  -0.09326562 -0.23740341 -0.13744408 -0.05120466
  0.04426165 -0.08423992 -0.09004957  0.         -0.23740341 -0.21761979
 -0.23740341 -0.208915   -0.04748068  0.          0.         -0.04748068
  0.          0.09004957 -0.1044575  -0.05120466 -0.19343981 -0.23740341
  0.          0.17409583 -0.04581469  0.         -0.09326562  0.
  0.         -0.09326562  0.        ]"
