y_test,y_pred
0.0,-3.1441741916176134
-5.0,-18.25914393244258
0.0,2.441927467406505
-1.0,0.24820144530853705
-9.0,18.316962329584417
-12.0,-1.1452339815732935
2.0,-0.946758687654853
-1.0,-5.20787951994456
