mse,r2,p_value,y_pred,y_test
0.36973292156982834,-0.07224445611306361,0.3458005344578485,"[ 1.76385056  1.25193332  0.34815205  0.97043262  0.05670421  0.51200211
  0.17332012  0.88270044  1.08561112 -0.21224363  0.10732924  0.38101975
 -0.01121688  0.19867349 -0.25795234 -0.63611223  0.3538297   0.26855308
  0.92284027  1.65535975 -0.51052686  1.27197521  0.48067129  1.01562556
  0.01015946  0.47832585 -0.078705    0.05721936 -0.05040173  0.72481474
 -0.94533868  0.81063849  0.86062883  0.35583921  1.76251639 -0.19138606
  1.05506252  0.1334342  -0.00679298  1.24040674 -0.26231687  0.26873541
  1.22941805  1.05469403  0.60080664  0.76131939  0.47384623  0.35946811
  0.69739992  0.0394767   0.07606972 -0.55744118  0.61944512  0.91332074
  0.11536742 -0.11630311 -0.25831716 -0.67042181  0.26842031 -0.50655579
  0.36523017 -0.09936052  1.26611964  0.035217   -2.22807696 -0.02543306
  0.43132299  0.01695284]","[ 1.43022222  0.57208889  0.74740645  1.1841306   1.17771891  0.
  0.36777143  0.78351304  0.67747368  0.90451892  1.20839184 -0.21453333
  1.37700465 -0.51488     0.13549474  0.73554286  0.94846316 -1.54464
  0.51488     0.          0.12259048 -0.79212308  0.          0.6436
  1.04882963 -0.70210909  0.102976    0.21453333  0.42906667  0.51488
  1.21945263  0.21453333  0.70210909  2.23114667 -0.42906667  0.23403636
  1.14417778  0.3218      0.54197895  1.02976     0.91942857  0.9654
  1.10331429  1.2872      0.51488     0.39006061  0.57208889  0.102976
  1.14417778  0.         -0.73554286 -0.24913548 -0.3357913  -1.54464
  0.79895172 -0.85813333  0.73554286  1.86422069  2.01474783  1.74394839
 -0.42906667 -0.99015385 -2.5744      1.02976     0.04680727  1.01415758
 -0.36777143 -0.75717647]"
