mse,r2,p_value
135.4554698526214,-0.23484390854106887,0.5755898388610614
