mse,r2,p_value,y_pred,y_test
8.045231703979672,-0.36061790171758973,0.0021642185656285356,"[ 0.39995456 -0.12653682  0.66093048  0.17851771  1.04788337  1.0248349
  0.89854546 -0.02081493 -1.99648316  0.93899587  0.29612152  0.85142848
  1.014415    1.69798005  0.81823167 -0.24890423  0.29977115 -0.3761519
 -1.06082038  1.04700532 -0.11329733  0.54177938  0.25375901  0.35588998
 -0.48081193  1.0078905  -0.08174713  0.57584446  0.5403643   0.95427516
  0.22861117  0.41052418 -0.71675432  0.43608779  0.87850762  1.50620908
  1.11863512  0.49680354  1.14776424  0.45067336 19.51034221  0.34665295
  0.86860982  0.85238606  0.92604409  1.26546292  0.09957734 -0.19816582
  0.58539467  0.08977257  1.06705164  0.53684046  0.53062384  0.71621911
  1.18446667 -0.2528199   0.53867698  0.82088258  0.40279302 -0.48611303
  0.21375482  0.53782813  0.07267474  0.49899117 -0.65765302  0.49012754
  0.47983361  0.06751841 -0.32959014 -0.13656317]","[ 0.76259826  0.         -0.71590857  0.41761333  1.39204444  0.65938947
  0.501136    0.13187789  1.18690105  0.55681778  0.71590857  1.07386286
  0.88037405 -0.77097846 -2.39381929  0.22778909  0.72745548  0.20880667
  1.81445793  0.6013632  -0.35795429  1.002272   -0.24248516  1.96096696
  1.69739613  1.11363556  1.17613551  0.31321     0.52751158  2.57108252
  0.83522667  0.62642     0.71590857  0.501136    1.02083259  0.68336727
 -0.32682783  0.92314526  0.37964848  0.         -2.39381929  2.17158933
  2.66026675 -1.503408    0.55681778 -0.41761333 -0.68336727  0.
 -0.20880667  0.1002272   0.501136    0.1002272   0.98708606 -0.41761333
  0.          0.1193181   0.31321     0.68336727 -0.29135814 -0.35795429
 -0.96372308  0.35795429 -0.73696471  1.34024744 -0.83522667  0.20880667
  1.11363556 -0.501136    0.89488571  0.73696471]"
