mse,r2,p_value,y_pred,y_test
0.4543069211924341,0.313472176382699,0.17012600307479558,"[-0.27311529 -0.1325323  -0.27279668 -0.02098884 -0.0097359  -0.08114575
 -0.15775698 -0.07342134 -0.26212634 -0.04564954 -0.35748576  0.0449086
 -0.05577268  0.00261192  0.01057704 -0.03715219  0.00690592 -0.18728414
 -0.14042054  0.10072227 -0.32347987  0.03480876 -0.20397556 -0.03042696
 -0.15134357  0.06242942 -0.12793396  0.02129786 -0.00631237 -0.03707441
 -0.13330687  0.10616363 -0.13680869 -0.27257887 -0.20040529 -0.15561683
 -0.07170822 -0.31094257 -0.09228184 -0.04672189 -0.08481977 -0.04960801
 -0.13778181 -0.24256223 -0.24111208  0.01628741  0.14743766 -0.09530832
 -0.00758654 -0.08030226 -0.31166818 -0.15169785 -0.01910841 -0.25942285
 -0.14860391 -0.25093976  0.00278975 -0.07228591  0.21818407 -0.11266487
 -0.2488667  -0.01926172  0.01668204 -0.13609304  0.00292919 -0.09757918
 -0.01265259 -0.05986444  0.12640307 -0.13640639  0.01009673  0.02127285
  0.04832033 -0.057196  ]","[-0.48703414 -0.04250004 -0.35821464 -0.0864656  -0.19288481  0.
 -0.18574093  0.          0.08955366  0.         -0.13677286 -0.10447927
 -0.18574093 -0.22795477 -0.04559095  0.         -0.04250004  0.
 -0.04250004  0.         -0.08955366 -0.0864656   0.          0.
 -0.22795477  0.09287046  0.0864656  -0.3009003  -0.04916672 -0.08088718
  0.         -0.1003001  -0.18574093  0.1419341   0.0864656  -0.04399127
  0.04250004 -0.20895854  0.         -0.04559095  0.24583358 -0.0964424
 -0.23655684 -0.22795477 -0.04559095 -0.04399127  0.24583358 -0.04559095
 -0.31343781 -0.48703414 -0.13197382  0.04250004 -0.08955366  0.04916672
  0.04250004 -0.48703414 -0.04916672 -0.22795477  0.16716683 -0.08955366
 -0.48703414  0.04399127  0.05117352  0.04250004 -0.34416701 -0.22795477
  0.          0.          0.1003001  -0.16716683 -0.2180437   0.
  0.0864656   0.        ]"
