mse,r2,p_value,y_pred,y_test
0.4425348574119344,0.2843000298492777,0.130408843664279,"[-5.58604988 -2.72839376 -5.39084687 -0.47669106 -0.48698662 -1.85602313
 -3.55271599 -1.43759676 -5.29782198 -1.40160924 -7.26067078  0.82308381
 -1.10934234 -0.04903535  0.3213335  -1.46390072  0.29044027 -3.78371687
 -3.03501906  1.8673181  -6.61072401  0.25223787 -3.88326107 -0.4975824
 -3.21624438  0.87671926 -2.92348796  0.79515133 -0.12328809 -1.06143632
 -2.61016217  2.21824304 -2.19678818 -5.66396345 -4.49956643 -3.1518759
 -1.69008061 -6.03879576 -1.88666481 -0.67628621 -1.63547658 -1.14292853
 -2.87036823 -4.95840966 -4.90661554  0.2821284   2.95581683 -1.83751299
 -0.09614001 -1.47913382 -6.41927524 -3.20446825 -0.45564431 -4.89795904
 -3.10348799 -5.04551662  0.04937018 -1.43629162  5.04528926 -2.13244222
 -5.15777863 -0.55348857  0.3067684  -2.85203647  0.0953831  -2.03280993
 -0.41848846 -1.2877234   2.28554828 -2.97371893 -0.06554295  0.28179012
  1.07576407 -1.29553553]","[-10.  -1.  -6.  -2.  -4.   0.  -4.   0.   2.   0.  -3.  -2.  -4.  -5.
  -1.   0.  -1.   0.  -1.   0.  -2.  -2.   0.   0.  -5.   2.   2.  -6.
  -1.  -1.   0.  -2.  -4.   3.   2.  -1.   1.  -4.   0.  -1.   5.  -2.
  -5.  -5.  -1.  -1.   5.  -1.  -6. -10.  -3.   1.  -2.   1.   1. -10.
  -1.  -5.   2.  -2. -10.   1.   1.   1.  -7.  -5.   0.   0.   2.  -3.
  -4.   0.   2.   0.]"
